id,title,score,num_comments,author,created_utc,url,over_18,edited,spoiler,stickied
1faatb8,Any tools to make these diagrams ,165,61,Zyad070,2024-09-06 09:17:07,https://www.reddit.com/gallery/1faatb8,False,False,False,False
1faapqa,Should I jump ship?,54,32,Representative_Big47,2024-09-06 09:09:11,https://www.reddit.com/r/dataengineering/comments/1faapqa/should_i_jump_ship/,False,False,False,False
1fabhml,wtf you guys do,44,23,eden_4004,2024-09-06 10:05:12,https://www.reddit.com/r/dataengineering/comments/1fabhml/wtf_you_guys_do/,False,False,False,False
1faj4m2,Are the differences between Delta Lake and Apache Iceberg fading away? ,41,23,Teach-To-The-Tech,2024-09-06 16:15:04,https://www.reddit.com/r/dataengineering/comments/1faj4m2/are_the_differences_between_delta_lake_and_apache/,False,False,False,False
1famd92,How to prepare to land a higher paying role ,38,12,Intelligent_Today384,2024-09-06 18:31:36,https://www.reddit.com/r/dataengineering/comments/1famd92/how_to_prepare_to_land_a_higher_paying_role/,False,False,False,False
1faf2xo,Do you prefer being an expert in one technology or now a lot in general?,18,13,Free-Traffic-3166,2024-09-06 13:23:16,https://www.reddit.com/r/dataengineering/comments/1faf2xo/do_you_prefer_being_an_expert_in_one_technology/,False,False,False,False
1faj8zu,Good places to search for a remote job,15,1,bezel_zelek,2024-09-06 16:20:09,https://www.reddit.com/r/dataengineering/comments/1faj8zu/good_places_to_search_for_a_remote_job/,False,False,False,False
1faj1q1,How to make 10TB of data available on-demand to my users,14,11,explorer_soul99,2024-09-06 16:11:46,https://www.reddit.com/r/dataengineering/comments/1faj1q1/how_to_make_10tb_of_data_available_ondemand_to_my/,False,False,False,False
1faz0xx,What are some of your favorite data engineering projects that you've worked on? What did you enjoy about it?,13,9,LyleLanleysMonorail,2024-09-07 04:42:20,https://www.reddit.com/r/dataengineering/comments/1faz0xx/what_are_some_of_your_favorite_data_engineering/,False,False,False,False
1fatayj,Azure vs Aws,7,14,Then_Sundae_7645,2024-09-06 23:33:59,https://www.reddit.com/r/dataengineering/comments/1fatayj/azure_vs_aws/,False,False,False,False
1faqljq,How are you standardizing data across different external sources?,9,5,Different-General700,2024-09-06 21:30:38,https://www.reddit.com/r/dataengineering/comments/1faqljq/how_are_you_standardizing_data_across_different/,False,False,False,False
1famvc9,Where do you create your python virtual environments in your local dev env?,9,10,Green-Aide-2354,2024-09-06 18:53:19,https://www.reddit.com/r/dataengineering/comments/1famvc9/where_do_you_create_your_python_virtual/,False,False,False,False
1fal8p2,Best resources to learn AWS,8,3,thro0away12,2024-09-06 17:44:02,https://www.reddit.com/r/dataengineering/comments/1fal8p2/best_resources_to_learn_aws/,False,False,False,False
1fafxy6,Apache Spark(Pyspark) Performance tuning tips and tricks,5,1,Notalabel_4566,2024-09-06 14:01:48,https://www.reddit.com/r/dataengineering/comments/1fafxy6/apache_sparkpyspark_performance_tuning_tips_and/,False,False,False,False
1faykg8,Best way to test data using pytest ,3,9,mailmedude,2024-09-07 04:14:21,https://www.reddit.com/r/dataengineering/comments/1faykg8/best_way_to_test_data_using_pytest/,False,False,False,False
1farhb0,Data structures for Full-Text-Indexing,3,1,International-Tap906,2024-09-06 22:09:46,https://www.reddit.com/r/dataengineering/comments/1farhb0/data_structures_for_fulltextindexing/,False,False,False,False
1fahrgw,Senior Roles - Data Engineering ,2,0,Hungry_Resolution421,2024-09-06 15:18:41,https://www.reddit.com/r/dataengineering/comments/1fahrgw/senior_roles_data_engineering/,False,False,False,False
1fagxhg,"What happened to ""Wizard for dbt Core"" and the Fivetran dbt language server?",1,0,warpraptor,2024-09-06 14:44:25,https://www.reddit.com/r/dataengineering/comments/1fagxhg/what_happened_to_wizard_for_dbt_core_and_the/,False,False,False,False
1fafk2l,End-to-End Testing and Release in Data World,3,0,Senior_Kiwi_4628,2024-09-06 13:44:41,https://www.reddit.com/r/dataengineering/comments/1fafk2l/endtoend_testing_and_release_in_data_world/,False,False,False,False
1faeesq,Stateful Data Transfer from Mongo to PostgreSQL,3,2,gxslash,2024-09-06 12:51:49,https://www.reddit.com/r/dataengineering/comments/1faeesq/stateful_data_transfer_from_mongo_to_postgresql/,False,False,False,False
1faxbxa,Have You Worked With Apache Iceberg?,2,1,vutr274,2024-09-07 03:03:35,https://open.substack.com/pub/vutr/p/i-spent-7-hours-diving-deep-into?r=2rj6sg&utm_campaign=post&utm_medium=web,False,False,False,False
1fau4fj,Snowpark question around model selection,2,1,Separate-Purple5671,2024-09-07 00:13:27,https://www.reddit.com/r/dataengineering/comments/1fau4fj/snowpark_question_around_model_selection/,False,False,False,False
1faqn28,Need advice for creating Data pipeline,2,2,Nochioni,2024-09-06 21:32:29,https://www.reddit.com/r/dataengineering/comments/1faqn28/need_advice_for_creating_data_pipeline/,False,False,False,False
1fah1v8,Cloud compute for on prem DW,2,3,putt_stuff98,2024-09-06 14:49:27,https://www.reddit.com/r/dataengineering/comments/1fah1v8/cloud_compute_for_on_prem_dw/,False,False,False,False
1faajzd,Degree to work abroad ?,2,5,Proper_Jackfruit_185,2024-09-06 08:57:17,https://www.reddit.com/r/dataengineering/comments/1faajzd/degree_to_work_abroad/,False,False,False,False
1faz7l8,Transition From Sr BI Consultant to DE,1,4,Actual-Lead-638,2024-09-07 04:53:47,https://www.reddit.com/r/dataengineering/comments/1faz7l8/transition_from_sr_bi_consultant_to_de/,False,False,False,False
1famd7w,Thoughts on this course for a beginner DE,1,2,FinanceOld3216,2024-09-06 18:31:34,https://www.reddit.com/r/dataengineering/comments/1famd7w/thoughts_on_this_course_for_a_beginner_de/,False,False,False,False
1faejre,Using Segment with Snowflake,1,2,Mediocre-Cow354,2024-09-06 12:58:40,https://www.reddit.com/r/dataengineering/comments/1faejre/using_segment_with_snowflake/,False,False,False,False
1fad86s,Atanasuite (Teradata Client) download,1,0,Optus_SimCard,2024-09-06 11:51:41,https://www.reddit.com/r/dataengineering/comments/1fad86s/atanasuite_teradata_client_download/,False,False,False,False
1faahyz,Advice needed: Optimizing data flow for complex Python project,1,1,Traditional_Cod_9001,2024-09-06 08:53:07,https://www.reddit.com/r/dataengineering/comments/1faahyz/advice_needed_optimizing_data_flow_for_complex/,False,False,False,False
1fa9sxm,Azure Data engineer certification help,1,5,Evening_Mouse_9582,2024-09-06 08:00:50,https://www.reddit.com/r/dataengineering/comments/1fa9sxm/azure_data_engineer_certification_help/,False,False,False,False
1faffxt,Share your dotfiles,0,0,ivanovyordan,2024-09-06 13:39:39,https://www.reddit.com/r/dataengineering/comments/1faffxt/share_your_dotfiles/,False,False,False,False
1faaxdg,Challenges with MongoDB,0,16,biz-guru-3112,2024-09-06 09:25:19,https://www.reddit.com/r/dataengineering/comments/1faaxdg/challenges_with_mongodb/,False,False,False,False
1faeorw,Data strategy,0,13,AShmed46,2024-09-06 13:04:56,https://www.reddit.com/r/dataengineering/comments/1faeorw/data_strategy/,False,False,False,False
